<?xml version="1.0" encoding="UTF-8"?>
<project-private xmlns="http://www.netbeans.org/ns/project-private/1">
    <editor-bookmarks xmlns="http://www.netbeans.org/ns/editor-bookmarks/2" lastBookmarkId="0"/>
    <open-files xmlns="http://www.netbeans.org/ns/projectui-open-files/2">
        <group>
            <file>file:/Users/david/NetBeansProjects/TAP_U1_Practica4-master/src/VentanaM.java</file>
            <file>file:/Users/david/NetBeansProjects/TAP_U1_Practica4-master/src/Dialogo.java</file>
            <file>file:/Users/david/NetBeansProjects/TAP_U1_Practica4-master/src/Login.java</file>
        </group>
    </open-files>
</project-private>
